Rank,Artist,Album,Year,Spotify,Description,wiki,Duration,Minutes,Seconds,Total Seconds,Label,Sub Metal Genre,Rating,Tracks,Rolling Stone Rating,avg. BPM,max BPM,min BPM,avg. ENERGY,max ENERGY,min ENERGY,avg. VALENCE,max VALENCE,min VALENCE,avg. POP.,max POP,min POP,Max BPM Track,Min BPM Track,Max Energy Track,Min Energy Track,Max Valence Track,Min Valence Track,Max Pop Track,Min Pop Track
1,Black Sabbath,Paranoid,1970,https://open.spotify.com/album/6r7LZXAVueS5DqdrvXJJK7,http://www.rollingstone.com/music/lists/the-100-greatest-metal-albums-of-all-time-w486923/black-sabbath-paranoid-1970-w486954,https://en.wikipedia.org/wiki/Paranoid_(album),41:47:00,41,47,2507,Warner Bros,Heavy Metal,5,8,Rolling Stone,137,183,90,56,79,6,40,63,23,52,66,40,War Pigs/Luke's Wall,Planet Caravan,Iron Man,Planet Caravan,Jack The Stripper/Fairies Wear Boots,Hand Of Doom,Paranoid,Rat Salad
2,Metallica,Master of Puppets,1986,https://open.spotify.com/album/41bTjcSaiEe4G40RVVHbux,http://www.rollingstone.com/music/lists/the-100-greatest-metal-albums-of-all-time-w486923/metallica-master-of-puppets-1986-w487055,https://en.wikipedia.org/wiki/Master_of_Puppets,54:50:00,54,50,3290,Elektra,Thrash Metal,5,8,Rolling Stone,109,139,90,85,94,69,42,59,16,52,66,46,Leper Messiah,Disposable Heroes,Battery,Orion (Instrumental),Master Of Puppets,"Damage, Inc.",Master Of Puppets,Leper Messiah
3,Judas Priest,British Steel,1980,https://open.spotify.com/album/5bqtZRbUZUxUps8mrO9tGY,http://www.rollingstone.com/music/lists/the-100-greatest-metal-albums-of-all-time-w486923/judas-priest-british-steel-1980-w487008,https://en.wikipedia.org/wiki/British_Steel_(album),35:59:00,35,59,2159,Columbia,New Wave of British Heavy Metal,4.5,9,AllMusic,128,164,85,87,99,64,54,82,25,44,65,34,Breaking the Law,United,Rapid Fire,United,Living After Midnight,Rapid Fire,Breaking the Law,The Rage
4,Iron Maiden,Number of the Beast,1982,https://open.spotify.com/album/7mDQhUhl2eIpiJexZSSe1A,http://www.rollingstone.com/music/lists/the-100-greatest-metal-albums-of-all-time-w486923/iron-maiden-the-number-of-the-beast-1982-w487005,https://en.wikipedia.org/wiki/The_Number_of_the_Beast_(album),37:40:00,37,40,2260,Harvest,New Wave of British Heavy Metal,2.5,8,Rolling Stone,126,173,100,91,96,83,51,65,36,42,57,33,Run to the Hills,The Number Of The Beast,Invaders,Children Of The Damned,Invaders,The Number Of The Beast,The Number Of The Beast,Total Eclipse
5,Black Sabbath,Black Sabbath,1970,https://open.spotify.com/album/4ZLy3U2q17Yjw7jkjXPJQj,http://www.rollingstone.com/music/lists/the-100-greatest-metal-albums-of-all-time-w486923/black-sabbath-1970-w486951,https://en.wikipedia.org/wiki/Black_Sabbath_(album),39:23:00,39,23,2363,Vertigo,Heavy Metal,5,7,Rolling Stone,128,169,101,54,68,43,38,59,13,42,46,37,Wicked World,The Wizard,The Wizard,Black Sabbath,Wicked World,Black Sabbath,The Wizard,A Bit of Finger / Sleeping Village / Warning
6,Slayer,Reign in Blood,1986,https://open.spotify.com/album/2DumvqHl78bNXuvU9kQfPN,http://www.rollingstone.com/music/lists/the-100-greatest-metal-albums-of-all-time-w486923/slayer-reign-in-blood-1986-w487119,https://en.wikipedia.org/wiki/Reign_in_Blood,28:59:00,28,59,1739,Def Jam,Speed Metal,4.5,10,Rolling Stone,113,138,98,100,100,99,9,19,4,42,59,34,Postmortem,Epidemic,Piece By Piece,Angel Of Death,Postmortem,Altar Of Sacrifice,Raining Blood,Reborn
7,Motorhead,No Remorse,1984,https://open.spotify.com/album/7J23uT5PzXYpSawvwQNCbp,http://www.rollingstone.com/music/lists/the-100-greatest-metal-albums-of-all-time-w486923/motrhead-no-remorse-1984-w487065,https://en.wikipedia.org/wiki/No_Remorse_(Mot%C3%B6rhead_album),85:51:00,85,51,5151,Mercury,Thrash Metal,5,24,AllMusic,124,188,76,94,100,66,25,96,4,16,49,10,Please Don't Touch - Performed by HeadGirl,No Class,Motorhead - Live Single Version,Metropolis,Louie Louie,Motorhead - Live Single Version,Killed by Death,Leaving Here - Live
8,Megadeth,Peace Sells…But Who's Buying?,1986,https://open.spotify.com/album/4PqSk2iBHnsYQK0ecXjS9k,http://www.rollingstone.com/music/lists/the-100-greatest-metal-albums-of-all-time-w486923/megadeth-peace-sells-but-whos-buying-1986-w487035,https://en.wikipedia.org/wiki/Countdown_to_Extinction,36:15:00,36,15,2175,Capitol,Thrash Metal,2.5,8,Rolling Stone,149,177,108,97,99,93,22,38,9,35,56,28,Good Mourning / Black Friday,I Ain't Superstitious,Wake Up Dead,Peace Sells,Peace Sells,Wake Up Dead,Peace Sells,I Ain't Superstitious
9,Ozzy Osbourne,Blizzard of Ozz,1980,https://open.spotify.com/album/6aGfK3YpRxZ1rJfaNRckLH,http://www.rollingstone.com/music/lists/the-100-greatest-metal-albums-of-all-time-w486923/ozzy-osbourne-blizzard-of-ozz-1980-w487078,https://en.wikipedia.org/wiki/Blizzard_of_Ozz,39:31:00,39,31,2371,Jet,Heavy Metal,4,9,Rolling Stone,122,177,68,76,98,7,42,61,15,44,71,35,Steal Away (The Night),Dee,No Bone Movies,Dee,No Bone Movies,Revelation (Mother Earth),Crazy Train,Dee
10,Pantera,Vulgar Display of Power,1992,https://open.spotify.com/album/7kW0cpKgSVsEqcc8xgbSb0,http://www.rollingstone.com/music/lists/the-100-greatest-metal-albums-of-all-time-w486923/pantera-vulgar-display-of-power-1992-w487102,https://en.wikipedia.org/wiki/Vulgar_Display_of_Power,52:53:00,52,53,3173,Atco,Groove Metal,4,11,Rolling Stone,118,157,93,85,96,69,42,68,25,51,69,43,Mouth For War,Rise,Fucking Hostile,Hollow,Walk,Regular People (Conceit),Walk,No Good (Attack The Radical)
11,Metallica,Ride the Lightning,1984,https://open.spotify.com/album/1nTvIQEXvygqSIqc2vuwAz,http://www.rollingstone.com/music/lists/the-100-greatest-metal-albums-of-all-time-w486923/judas-priest-screaming-for-vengeance-1982-w487010,https://en.wikipedia.org/wiki/Ride_the_Lightning,47:26:00,47,26,2846,Megaforce,Thrash Metal,4,8,Rolling Stone,128,163,92,95,99,86,23,52,6,51,62,44,Trapped Under Ice,Fight Fire With Fire,Fight Fire With Fire,For Whom The Bell Tolls,Escape,Trapped Under Ice,For Whom The Bell Tolls,Escape
12,Judas Priest,Screaming for Vengeance,1982,https://open.spotify.com/album/55MZQrenomrTq0aQneC7Pi,http://www.rollingstone.com/music/lists/the-100-greatest-metal-albums-of-all-time-w486923/judas-priest-screaming-for-vengeance-1982-w487010,https://en.wikipedia.org/wiki/Screaming_for_Vengeance,38:42:00,38,42,2322,Columbia,New Wave of British Heavy Metal,4.5,10,AllMusic,118,179,80,85,98,64,36,57,20,38,60,28,Riding on the Wind,The Hellion,Screaming for Vengeance,The Hellion,Pain and Pleasure,The Hellion,You've Got Another Thing Comin',Pain and Pleasure
13,Iron Maiden,Iron Maiden,1980,https://open.spotify.com/album/7hDURvn9LKQS3vBbnI4BOI,http://www.rollingstone.com/music/lists/the-100-greatest-metal-albums-of-all-time-w486923/iron-maiden-iron-maiden-1980-w487001,https://en.wikipedia.org/wiki/Iron_Maiden_(album),37:10:00,37,10,2230,EMI,New Wave of British Heavy Metal,4.5,8,AllMusic,119,171,93,84,98,51,46,78,18,34,40,28,Running Free,Prowler,Transylvania,Strange World,Running Free,Transylvania,Phantom Of The Opera,Charlotte The Harlot
14,Black Sabbath,Vol. 4,1972,https://open.spotify.com/album/7hDURvn9LKQS3vBbnI4BOI,http://www.rollingstone.com/music/lists/the-100-greatest-metal-albums-of-all-time-w486923/black-sabbath-vol-4-1972-w486958,https://en.wikipedia.org/wiki/Vol._4_(Black_Sabbath_album),42:15:00,42,15,2535,Vertigo,Heavy Metal,3,10,Rolling Stone,118,158,81,48,82,9,39,66,9,38,46,31,FX,Changes,Supernaut,FX,Supernaut,FX,Changes,FX
15,Ozzy Osbourne,Diary of a Madman,1981,https://open.spotify.com/album/4xiRrFE0Gq4Si9mAfPB3hZ,http://www.rollingstone.com/music/lists/the-100-greatest-metal-albums-of-all-time-w486923/ozzy-osbourne-diary-of-a-madman-1981-w487080,https://en.wikipedia.org/wiki/Diary_of_a_Madman_(album),43:24:00,43,24,2604,Jet,Heavy Metal,3,8,Rolling Stone,137,177,101,86,97,72,43,78,23,41,55,33,Diary of a Madman,Believer,S.A.T.O.,Tonight,Little Dolls,S.A.T.O.,Over the Mountain,Little Dolls
16,Dio,Holy Diver,1983,https://open.spotify.com/album/2ivNJLSx8Rbvnsvcn01Yt3,http://www.rollingstone.com/music/lists/the-100-greatest-metal-albums-of-all-time-w486923/dio-holy-diver-1983-w486976,https://en.wikipedia.org/wiki/Holy_Diver,41:44:00,41,44,2504,Warner Bros,Heavy Metal,4.5,9,AllMusic,121,177,92,85,95,65,43,76,11,43,59,32,Invisible,Holy Diver,Straight Through the Heart,Shame on the Night,Caught in the Middle,Holy Diver,Holy Diver,Invisible
17,Mercyful Fate,Melissa,1983,https://open.spotify.com/album/6Ig4BhZgma0ubEVgNaMpeo,http://www.rollingstone.com/music/lists/the-100-greatest-metal-albums-of-all-time-w486923/mercyful-fate-melissa-1983-w487043,https://en.wikipedia.org/wiki/Melissa_(Mercyful_Fate_album),40:13:00,40,13,2413,Megaforce,Black Metal,4,7,AllMusic,129,147,84,88,95,61,46,64,30,33,43,27,At The Sound Of The Demon Bell,Satan's Fall,Evil,Melissa,Curse Of The Pharaohs,Satan's Fall,Evil,At The Sound Of The Demon Bell
18,Tool,Aenima,1996,,http://www.rollingstone.com/music/lists/the-100-greatest-metal-albums-of-all-time-w486923/tool-nima-1996-w487131,https://en.wikipedia.org/wiki/%C3%86nima,77:18:00,77,18,4638,Zoo Entertainment,Prog Metal,4.5,15,Rolling Stone,,,,,,,,,,,,,,,,,,,,
19,Megadeth,Rust in Peace,1990,https://open.spotify.com/album/0qaLL09EtF1hiUis7PRvaJ,http://www.rollingstone.com/music/lists/the-100-greatest-metal-albums-of-all-time-w486923/megadeth-rust-in-peace-1990-w487037,https://en.wikipedia.org/wiki/Rust_in_Peace,40:39:00,40,39,2439,Capitol,Thrash Metal,4,9,Rolling Stone,130,175,75,93,99,71,34,58,13,50,61,41,Five Magics,Dawn Patrol,Holy Wars...The Punishment Due,Dawn Patrol,Dawn Patrol,Hangar 18,Holy Wars...The Punishment Due,Dawn Patrol
20,Anthrax,Among the Living,1987,https://open.spotify.com/album/4Y2jEzU70sLpTCMCl6JE0t,http://www.rollingstone.com/music/lists/the-100-greatest-metal-albums-of-all-time-w486923/anthrax-among-the-living-1987-w486946,https://en.wikipedia.org/wiki/Among_the_Living,50:24:00,50,24,3024,Megaforce,Thrash Metal,3,9,Rolling Stone,116,165,99,95,100,91,25,54,5,29,43,23,Medley: A.D.I. / Horror Of It All,One World,One World,Efilnikufesin (N.F.L.),Indians,Among The Living,Indians,Medley: A.D.I. / Horror Of It All
21,Metallica,…And Justice for All,1988,https://open.spotify.com/album/69oeRoYEpSsNPGVuYRxfoB,http://www.rollingstone.com/music/lists/the-100-greatest-metal-albums-of-all-time-w486923/metallica-and-justice-for-all-1988-w487049,https://en.wikipedia.org/wiki/...And_Justice_for_All_(album),65:31:00,65,31,3931,Elektra,Thrash Metal,4,9,Rolling Stone,108,142,87,80,93,61,54,71,36,51,65,44,The Shortest Straw,...And Justice For All,Dyers Eve,To Live Is To Die,The Frayed Ends Of Sanity,To Live Is To Die,One,To Live Is To Die
22,Motley Crue,Too Fast for Love,1981,https://open.spotify.com/album/6fhebW3x8DvrwbdL2aXCbo,http://www.rollingstone.com/music/lists/the-100-greatest-metal-albums-of-all-time-w486923/mtley-cre-too-fast-for-love-1981-w487063,https://en.wikipedia.org/wiki/Too_Fast_for_Love,37:40:00,37,40,2260,Leathur,Hair Metal,2.5,10,Rolling Stone,138,150,112,87,97,74,72,91,47,38,51,31,Too Fast For Love,Live Wire,Toast Of The Town,Merry-Go-Round,Public Enemy #1,Merry-Go-Round,Live Wire,Toast Of The Town
23,Danzig,Danzig,1988,https://open.spotify.com/album/3elIDlrTtrgKfbxYVgp3uW,http://www.rollingstone.com/music/lists/the-100-greatest-metal-albums-of-all-time-w486923/danzig-1988-w486966,https://en.wikipedia.org/wiki/Danzig_(album),40:57:00,40,57,2457,Def American,Heavy Metal,3.5,10,AllMusic,137,169,111,72,92,60,31,45,18,38,58,30,Evil Thing,She Rides,Am I Demon,End Of Time,Mother,End Of Time,Mother,End Of Time
24,Rage Against the Machine,Rage Against the Machine,1992,https://open.spotify.com/album/4Io5vWtmV1rFj4yirKb4y4,http://www.rollingstone.com/music/lists/the-100-greatest-metal-albums-of-all-time-w486923/rage-against-the-machine-1992-w487111,https://en.wikipedia.org/wiki/Rage_Against_the_Machine_(album),52:47:00,52,47,3167,Epic,Alternative Metal,4.5,10,Rolling Stone,130,170,89,81,93,65,48,66,28,56,74,47,Wake Up,Killing In The Name,Bombtrack,Settle For Nothing,Killing In The Name,Take The Power Back,Killing In The Name,Township Rebellion
25,Metallica,Metallica,1991,https://open.spotify.com/album/37lWyRxkf3wQHCOlXM5WfX,http://www.rollingstone.com/music/lists/the-100-greatest-metal-albums-of-all-time-w486923/metallica-1991-w487059,https://en.wikipedia.org/wiki/Metallica_(album),62:39:00,63,39,3819,Elektra,Thrash Metal,4,12,Rolling Stone,119,172,83,79,96,36,43,67,17,55,71,43,Holier Than Thou,The God That Failed,Holier Than Thou,Nothing Else Matters,Don't Tread On Me,Nothing Else Matters,Enter Sandman,The Struggle Within
26,Alice in Chains,Dirt,1992,https://open.spotify.com/album/58NXIEYqmq5dQHg9nV9duM,http://www.rollingstone.com/music/lists/the-100-greatest-metal-albums-of-all-time-w486923/alice-in-chains-dirt-1992-w486945,https://en.wikipedia.org/wiki/Dirt_(Alice_in_Chains_album),57:33:00,57,33,3453,Columbia,Alternative Metal,4.5,13,Rolling Stone,123,165,86,82,95,42,32,57,11,50,67,39,Them Bones,Untitled,Them Bones,Untitled,Would?,Hate To Feel,Would?,Untitled
27,System of a Down,Toxicity,2001,https://open.spotify.com/album/6jWde94ln40epKIQCd8XUh,http://www.rollingstone.com/music/lists/the-100-greatest-metal-albums-of-all-time-w486923/system-of-a-down-toxicity-2001-w487130,https://en.wikipedia.org/wiki/Toxicity_(album),41:48:00,41,48,2508,Columbia,Nu Metal,3.5,14,Rolling Stone,111,160,79,91,98,67,56,93,23,53,68,47,Deer Dance,Aerials,Needles,Psycho,Jet Pilot,Aerials,Chop Suey!,Jet Pilot
28,Celtic Frost,Morbid Tales,1984,https://open.spotify.com/album/2G2c7jjmwDaJVLfJc47859,http://www.rollingstone.com/music/lists/the-100-greatest-metal-albums-of-all-time-w486923/celtic-frost-morbid-tales-1984-w486963,https://en.wikipedia.org/wiki/Morbid_Tales,29:21:00,29,21,1761,Metal Blade,Black Metal,4.5,8,AllMusic,132,185,48,83,96,44,21,49,3,26,35,19,Procreation (Of the Wicked),Human (Intro),Into the Crypts of Rays,Human (Intro),Morbid Tales,Danse Macabre,Procreation (Of the Wicked),Danse Macabre
29,Sepultura,Chaos A.D.,1993,https://open.spotify.com/album/5r4qa5AIQUVypFRXQzjaiu,http://www.rollingstone.com/music/lists/the-100-greatest-metal-albums-of-all-time-w486923/sepultura-chaos-ad-1993-w487118,https://en.wikipedia.org/wiki/Chaos_A.D.,47:09:00,47,9,2829,Roadrunner,Groove Metal,4,12,Rolling Stone,122,184,81,93,100,50,18,31,4,39,53,31,The Hunt,Amen,Biotech Is Godzilla,Kaiowas,Territory,Biotech Is Godzilla,Refuse / Resist,Clenched Fist
30,Korn,Korn,1994,https://open.spotify.com/album/7D3XFJlfZIkmGWqZXm2X8z,http://www.rollingstone.com/music/lists/the-100-greatest-metal-albums-of-all-time-w486923/korn-1994-w487014,https://en.wikipedia.org/wiki/Korn_(album),65:47:00,65,47,3947,Immortal,Nu Metal,4.5,12,AllMusic,107,171,80,86,96,74,42,87,16,46,54,39,Helmet in the Bush,Clown,Divine,Shoots and Ladders,Daddy,Fake,Blind,Helmet in the Bush
31,Slayer,Seasons in the Abyss,1990,https://open.spotify.com/album/416nVgqae48Dw0EjD6N4EU,http://www.rollingstone.com/music/lists/the-100-greatest-metal-albums-of-all-time-w486923/slayer-seasons-in-the-abyss-1990-w487121,https://en.wikipedia.org/wiki/Seasons_in_the_Abyss,42:30:00,42,30,2550,Def American,Speed Metal,3.5,10,Rolling Stone,120,164,99,99,100,97,21,37,5,38,47,31,Temptation,War Ensemble,Spirit In Black,Seasons In The Abyss,Blood Red,Spirit In Black,Seasons In The Abyss,Temptation
32,Black Sabbath,Sabotage,1975,https://open.spotify.com/album/0Plh7fxBmx1Z2HrnVOoGkw,http://www.rollingstone.com/music/lists/the-100-greatest-metal-albums-of-all-time-w486923/black-sabbath-sabotage-1975-w486955,https://en.wikipedia.org/wiki/Sabotage_(Black_Sabbath_album),43:38:00,43,38,2618,Vertigo,Heavy Metal,4,8,Rolling Stone,131,178,80,53,76,4,38,59,17,34,43,29,Symptom of the Universe,Supertzar,Hole in the Sky,Don't Start (Too Late),The Thrill of it All,The Writ,Symptom of the Universe,Supertzar
33,Megadeth,Countdown to Extinction,1992,https://open.spotify.com/album/1w9opfGdFtR3ulNHxnnO1e,http://www.rollingstone.com/music/lists/the-100-greatest-metal-albums-of-all-time-w486923/megadeth-countdown-to-extinction-1992-w487033,https://en.wikipedia.org/wiki/Countdown_to_Extinction,48:27:00,48,27,2907,Capitol,Thrash Metal,2.5,11,Rolling Stone,132,185,70,92,97,86,52,71,30,43,65,36,High Speed Dirt,Sweating Bullets,Architecture Of Aggression,Sweating Bullets,This Was My Life,Foreclosure Of A Dream,Symphony Of Destruction,Psychotron
34,Black Sabbath,Master of Reality,1971,https://open.spotify.com/album/7pGb2cOGVz6vLyaZaKOQ7D,http://www.rollingstone.com/music/lists/the-100-greatest-metal-albums-of-all-time-w486923/black-sabbath-master-of-reality-1971-w487128,https://en.wikipedia.org/wiki/Master_of_Reality,34:24:00,34,24,2064,Vertigo,Heavy Metal,4,8,Rolling Stone,112,150,77,43,68,2,59,96,36,40,54,1,Children of the Grave,Into the Void,After Forever,Solitude,Embryo,Children of the Grave,Children of the Grave,Embryo
35,Metallica,Kill 'Em All,1983,https://open.spotify.com/album/0vNBQof86Lv5gLuf26ML7o,http://www.rollingstone.com/music/lists/the-100-greatest-metal-albums-of-all-time-w486923/metallica-kill-em-all-1983-w487051,https://en.wikipedia.org/wiki/Kill_%27Em_All,51:16:00,51,16,3076,Megaforce,Thrash Metal,3,10,Rolling Stone,155,203,97,94,97,89,30,66,11,49,59,44,The Four Horsemen,No Remorse,Hit The Lights,(Anesthesia)--Pulling Teeth,Jump In The Fire,Phantom Lord,Seek & Destroy,Phantom Lord
36,Van Halen,Women and Children First,1980,https://open.spotify.com/album/7fRy246Xzz3gez6stjTgKk,http://www.rollingstone.com/music/lists/the-100-greatest-metal-albums-of-all-time-w486923/van-halen-women-and-children-first-1980-w487133,https://en.wikipedia.org/wiki/Women_and_Children_First,33:31:00,33,31,2011,Warner Bros,Hard Rock,2.5,10,Rolling Stone,128,167,100,84,97,42,40,74,16,36,49,28,Fools,Take Your Whiskey Home,Fools,Could This Be Magic?,And The Cradle Will Rock...,Romeo Delight,Everybody Wants Some!!,Tora! Tora!
37,Black Sabbath,Heaven and Hell,1980,https://open.spotify.com/album/1Wk2g7TV0adbUZ53ruvIdL,http://www.rollingstone.com/music/lists/the-100-greatest-metal-albums-of-all-time-w486923/black-sabbath-heaven-and-hell-1980-w486952,https://en.wikipedia.org/wiki/Heaven_and_Hell_(Black_Sabbath_album),40:04:00,40,4,2404,Vertigo,Heavy Metal,4,8,Rolling Stone,128,191,91,82,95,67,49,78,9,37,52,29,Neon Knights,Heaven and Hell,Neon Knights,Heaven and Hell,Lady Evil,Die Young,Heaven and Hell,Walk Away
38,Iron Maiden,Powerslave,1984,https://open.spotify.com/album/081qKmiSpL1orcddjYlSGE,http://www.rollingstone.com/music/lists/the-100-greatest-metal-albums-of-all-time-w486923/iron-maiden-powerslave-1984-w487002?,https://en.wikipedia.org/wiki/Powerslave,50:33:00,50,33,3033,EMI,New Wave of British Heavy Metal,4.5,8,AllMusic,120,156,80,97,99,94,42,61,11,41,53,33,Losfer Words (Big 'Orra),The Duelists,Losfer Words (Big 'Orra),Rime Of The Ancient Mariner,The Duelists,Rime Of The Ancient Mariner,2 Minutes To Midnight,Back In The Village
39,Pantera,Far Beyond Driven,1994,https://open.spotify.com/album/773KEsh2eaBWjjj41aU1ca,http://www.rollingstone.com/music/lists/the-100-greatest-metal-albums-of-all-time-w486923/pantera-far-beyond-driven-1994-w487081,https://en.wikipedia.org/wiki/Far_Beyond_Driven,56:23:00,56,23,3383,EastWest,Groove Metal,4,12,Rolling Stone,129,172,96,92,99,39,38,67,12,38,45,33,Planet Caravan,5 Minutes Alone,Strength Beyond Strength,Planet Caravan,I'm Broken,Use My Third Arm,5 Minutes Alone,Use My Third Arm
40,Mayhem,De Mysteriis Dom Sathanas,1994,https://open.spotify.com/album/4O9K2VUsGve0wJl49AG0Mu,http://www.rollingstone.com/music/lists/the-100-greatest-metal-albums-of-all-time-w486923/mayhem-de-mysteriis-dom-sathanas-1994-w487030,https://en.wikipedia.org/wiki/De_Mysteriis_Dom_Sathanas,46:01:00,46,1,2761,Deathlike Silence,Black Metal,4,8,AllMusic,148,183,93,93,98,82,8,12,4,31,41,26,Cursed in Eternity,Freezing Moon,Buried by Time and Dust,De Mysteriis Dom Sathanas,Funeral Fog,From the Dark Past,Freezing Moon,Buried by Time and Dust
41,Kyuss,Blues for the Red Sun,1992,https://open.spotify.com/album/7wXj8GxTkGAUU99DXR7n2f,http://www.rollingstone.com/music/lists/the-100-greatest-metal-albums-of-all-time-w486923/kyuss-blues-for-the-red-sun-1992-w487016,https://en.wikipedia.org/wiki/Blues_for_the_Red_Sun,50:56:00,50,56,3056,Dali,Stoner Rock,4,14,Rolling Stone,130,181,82,62,95,28,42,63,5,32,49,29,Green Machine,50 Million Year Trip (Downside Up),Green Machine,Capsized,Writhe,Capsized,Green Machine,Capsized
42,Diamond Head,Lightning to the Nations,1980,,http://www.rollingstone.com/music/lists/the-100-greatest-metal-albums-of-all-time-w486923/diamond-head-lightning-to-the-nations-1980-w486973,https://en.wikipedia.org/wiki/Lightning_to_the_Nations,41:37:00,41,37,2497,Happy Face,New Wave of British Heavy Metal,4.5,7,AllMusic,,,,,,,,,,,,,,,,,,,,
43,Judas Priest,Stained Class,1978,https://open.spotify.com/album/0v6FGuCgvRotTNL1KoX297,http://www.rollingstone.com/music/lists/the-100-greatest-metal-albums-of-all-time-w486923/judas-priest-stained-class-1978-w487013,https://en.wikipedia.org/wiki/Stained_Class,43:25:00,43,25,2605,Columbia,New Wave of British Heavy Metal,4.5,9,AllMusic,139,180,97,83,88,71,50,65,27,31,45,25,"White Heat, Red Hot",Saints in Hell,Exciter,Beyond the Realms of Death,Invader,Exciter,Beyond the Realms of Death,Savage
44,Motley Crue,Shout at the Devil,1983,https://open.spotify.com/album/2BCI4Oj05SiqooWWBqUqjT,http://www.rollingstone.com/music/lists/the-100-greatest-metal-albums-of-all-time-w486923/mtley-cre-shout-at-the-devil-1983-w486978,https://en.wikipedia.org/wiki/Shout_at_the_Devil,35:02:00,35,2,2102,Elektra,Hair Metal,2,11,Rolling Stone,123,172,92,84,96,36,56,86,19,42,59,32,Bastard,Helter Skelter,Bastard,God Bless The Children of the Beast,Too Young To Fall In Love,In The Beginning,Shout At The Devil,God Bless The Children of the Beast
45,Exodus,Bonded by Blood,1985,https://open.spotify.com/album/1IfG1UITBGxTIIVZ3qgUrD,http://www.rollingstone.com/music/lists/the-100-greatest-metal-albums-of-all-time-w486923/exodus-bonded-by-blood-1985-w486983,https://en.wikipedia.org/wiki/Bonded_by_Blood,40:31:00,40,31,2431,Torrid,Thrash Metal,4,9,AllMusic,141,174,93,96,99,93,20,32,7,31,41,26,And Then There Were None,Strike of the Beast,Metal Command,Piranha,Piranha,No Love,Bonded by Blood,No Love
46,Mastodon,Leviathan,2004,https://open.spotify.com/album/6khFoLWnJZDQvZ7Pijym3b,http://www.rollingstone.com/music/lists/the-100-greatest-metal-albums-of-all-time-w486923/mastodon-leviathan-2004-w487029,https://en.wikipedia.org/wiki/Leviathan_(album),46:47:00,46,47,2807,Relapse,Prog Metal,5,10,AllMusic,131,167,93,91,99,35,26,51,11,40,55,33,Hearts Alive,Blood and Thunder,Island,Joseph Merrick - Instrumental,Megalodon,Joseph Merrick - Instrumental,Blood and Thunder,Joseph Merrick - Instrumental
47,Slayer,South of Heaven,1988,https://open.spotify.com/album/09ghSsJ7jalI4jWtf7E08b,http://www.rollingstone.com/music/lists/the-100-greatest-metal-albums-of-all-time-w486923/slayer-south-of-heaven-1988-w487123,https://en.wikipedia.org/wiki/South_of_Heaven,36:55:00,36,55,2215,Def Jam,Speed Metal,1,10,Rolling Stone,115,154,91,99,100,96,26,45,6,37,54,30,Spill The Blood,Read Between The Lies,Mandatory Suicide,Spill The Blood,Behind The Crooked Cross,South Of Heaven,South Of Heaven,Cleanse The Soul
48,Rainbow,Rising,1976,https://open.spotify.com/album/3uIT4I4Dy7Pq1j0aSjzPW9,http://www.rollingstone.com/music/lists/the-100-greatest-metal-albums-of-all-time-w486923/rainbow-rising-1976-w487115,https://en.wikipedia.org/wiki/Rising_(Rainbow_album),33:22:00,33,22,2002,Oyster,Heavy Metal,4,6,AllMusic,146,177,109,92,96,86,41,64,14,21,30,16,Stargazer,A Light In The Black,A Light In The Black,Run With The Wolf,Run With The Wolf,A Light In The Black,Tarot Woman,Do You Close Your Eyes
49,Neurosis,Through Silver in Blood,1996,https://open.spotify.com/album/6HBRtTolIqgDVJXBwtyYPV,http://www.rollingstone.com/music/lists/the-100-greatest-metal-albums-of-all-time-w486923/neurosis-through-silver-in-blood-1996-w487071,https://en.wikipedia.org/wiki/Through_Silver_in_Blood,70:37:00,70,37,4237,Relapse,Post Metal,5,9,AllMusic,107,135,77,56,86,27,15,27,4,20,29,14,Aeon,Become the Ocean,Through Silver In Blood,Enclosure In Flame,Eye,Purify,Locust Star,Enclosure In Flame
50,Slipknot,Iowa,2001,https://open.spotify.com/album/6HBRtTolIqgDVJXBwtyYPV,http://www.rollingstone.com/music/lists/the-100-greatest-metal-albums-of-all-time-w486923/slipknot-iowa-2001-w487125,https://en.wikipedia.org/wiki/Iowa_(album),66:25:00,66,25,3985,Roadrunner,Nu Metal,4,14,Rolling Stone,122,174,89,93,100,53,21,44,8,39,46,34,Iowa,My Plague,People = Shit,-515,I Am Hated,-515,People = Shit,-515
51,Carcass,Heartwork,1993,https://open.spotify.com/album/7D1UMHzEIHNhwa0gyqmya9,http://www.rollingstone.com/music/lists/the-100-greatest-metal-albums-of-all-time-w486923/carcass-heartwork-1993-w486961,https://en.wikipedia.org/wiki/Heartwork,41:52:00,41,52,2512,Earache,Death Metal,4.5,10,AllMusic,102,140,77,99,100,97,28,56,15,30,45,23,Doctrinal Expletives,Embodiment,Carnal Forge,Embodiment,Embodiment,Arbeit Macht Fleisch,Heartwork,Doctrinal Expletives
52,Def Leppard,Pyromania,1983,,http://www.rollingstone.com/music/lists/the-100-greatest-metal-albums-of-all-time-w486923/def-leppard-pyromania-1983-w486971,https://en.wikipedia.org/wiki/Pyromania_(album),44:57:00,44,57,2697,Mercury,Hair Metal,4,10,Rolling Stone,,,,,,,,,,,,,,,,,,,,
53,Type O Negative,Bloddy Kisses,1993,https://open.spotify.com/album/127mCJhPsHAB33rOYybK04,http://www.rollingstone.com/music/lists/the-100-greatest-metal-albums-of-all-time-w486923/type-o-negative-bloody-kisses-1993-w487132,https://en.wikipedia.org/wiki/Bloody_Kisses,73:33:00,73,33,4413,Roadrunner,Gothic Metal,2,14,Rolling Stone,113,187,80,75,94,47,24,52,3,25,35,21,Dark Side Of The Womb,Machine Screw,We Hate Everyone,Dark Side Of The Womb,Set Me On Fire,3.O.I.F.,Christian Woman,3.O.I.F.
54,Helmet,Meantime,1992,https://open.spotify.com/album/0U7asaf4jS8EORTjHEWNcJ,http://www.rollingstone.com/music/lists/the-100-greatest-metal-albums-of-all-time-w486923/helmet-meantime-1992-w486996,https://en.wikipedia.org/wiki/Meantime_(album),36:56:00,36,56,2216,Interscope,Alternative Metal,3.5,10,Rolling Stone,123,160,88,81,90,68,60,80,38,26,42,21,In The Meantime,He Feels Bad,Iron Head,Better,Better,You Borrowed,Unsung,Better
55,Opeth,Blackwater Park,2001,https://open.spotify.com/album/3CCkWrqhWcKU7qXK3ooEEo,http://www.rollingstone.com/music/lists/the-100-greatest-metal-albums-of-all-time-w486923/opeth-blackwater-park-2001-w487074,https://en.wikipedia.org/wiki/Blackwater_Park,67:01:00,67,1,4021,Music for Nations,Prog Metal,5,8,AllMusic,112,190,63,73,96,26,20,43,5,33,38,30,The Drapery Falls,Harvest,The Funeral Portrait,Patterns in the Ivy,Patterns in the Ivy,The Leper Affinity,Harvest,Dirge for November
56,The Dillinger Escape Plan,Calculating Infinity,1999,https://open.spotify.com/album/0lUmhvC9JtPpU8LEYHVdyS,http://www.rollingstone.com/music/lists/the-100-greatest-metal-albums-of-all-time-w486923/the-dillinger-escape-plan-calculating-infinity-1999-w486974,https://en.wikipedia.org/wiki/Calculating_Infinity,37:31:00,37,31,2251,Relapse,Prog Metal,4.5,11,AllMusic,115,139,83,92,99,74,28,76,6,22,31,18,43% Burnt,Variations on a Cocktail Dress,Clip The Apex...Accept Instruction,Weekend Sex Change,Calculating Infinity,*#..,43% Burnt,Variations on a Cocktail Dress
57,Emperor,Anthems to the Welkin at Dusk,1997,https://open.spotify.com/album/0PIidVsFr9Oji1Y79jTV9M,http://www.rollingstone.com/music/lists/the-100-greatest-metal-albums-of-all-time-w486923/emperor-anthems-to-the-welkin-at-dusk-1997-w486979,https://en.wikipedia.org/wiki/Anthems_to_the_Welkin_at_Dusk,43:57:00,43,57,2637,Candlelight,Black Metal,4.5,8,AllMusic,112,142,67,80,95,41,6,15,4,12,14,9,The Loss & Curse of Reverence,Al Svartr (The Oath),The Acclamation of Bonds,Al Svartr (The Oath),Encorcelled by Khaos,Ye Entrancepmerium,Ye Entrancepmerium,The Acclamation of Bonds
58,Life of Agony,River Runs Red,1993,https://open.spotify.com/album/3TLpF63KEFZfoy1iIJagzP,http://www.rollingstone.com/music/lists/the-100-greatest-metal-albums-of-all-time-w486923/life-of-agony-river-runs-red-1993-w487025,https://en.wikipedia.org/wiki/River_Runs_Red,50:21:00,50,21,3021,Roadrunner,Groove Metal,4,13,AllMusic,120,167,76,65,93,17,27,43,6,22,28,14,Bad Seed,Respect,River Runs Red,Monday,This Time,Friday,This Time,Friday
59,Napalm Death,From Enslavement to Obliteration,1988,https://open.spotify.com/album/4veFj7IvUM9q3Z0S0A4y0F,http://www.rollingstone.com/music/lists/the-100-greatest-metal-albums-of-all-time-w486923/napalm-death-from-enslavement-to-obliteration-1988-w487069,https://en.wikipedia.org/wiki/From_Enslavement_to_Obliteration,29:45:00,29,45,1785,Earache,Grindcore,4.5,22,AllMusic,107,119,93,82,91,60,25,54,5,9,14,6,Evolved As One,Sometimes,Emotional Suffocation,Evolved As One,Unchallenged Hate,Worlds Apart,Evolved As One,Sometimes
60,Melvins,Bullhead,1991,https://open.spotify.com/album/3hAEZH07Rme4RfmSbd7KMC,http://www.rollingstone.com/music/lists/the-100-greatest-metal-albums-of-all-time-w486923/melvins-bullhead-1991-w487038,https://en.wikipedia.org/wiki/Bullhead_(album),34:54:00,34,54,2094,Boner,Stoner Rock,4,8,AllMusic,129,149,118,44,78,18,37,96,14,23,29,18,Cow,Your Blessened,Cow,Ligature,It's Shoved,Boris,Boris,Cow
61,Converge,Jane Doe,2001,https://open.spotify.com/album/2gtM4m6sglJDrX3toJWZO6,http://www.rollingstone.com/music/lists/the-100-greatest-metal-albums-of-all-time-w486923/converge-jane-doe-2001-w486965,https://en.wikipedia.org/wiki/Jane_Doe_(album),45:22:00,45,22,2722,Equal Vision,Metalcore,4.5,12,AllMusic,122,191,48,93,100,69,19,32,6,28,37,23,Heaven in Her Arms,Phoenix in Flames,Fault and Fracture,Hell To Pay,Bitter and Then Some,Phoenix in Flames,Concubine,Phoenix in Flames
62,Sleep,Jerusalem,1999,https://open.spotify.com/album/5DwHEOrCwvTNwG6H3wNaiU,http://www.rollingstone.com/music/lists/the-100-greatest-metal-albums-of-all-time-w486923/sleep-jerusalem-1999-w487122,https://en.wikipedia.org/wiki/Jerusalem_and_Dopesmoker,52:07:00,52,7,3127,Rise Above,Stoner Rock,4,6,AllMusic,115,190,97,64,78,53,6,14,4,20,28,18,Jerusalem,Jerusalem,Jerusalem,Jerusalem,Jerusalem,Jerusalem,Jerusalem,Jerusalem
63,Sodom,Agent Orange,1989,https://open.spotify.com/album/711uqE9rCwxC8iOeAHOL8Z,http://www.rollingstone.com/music/lists/the-100-greatest-metal-albums-of-all-time-w486923/sodom-agent-orange-1989-w487126,https://en.wikipedia.org/wiki/Agent_Orange_(album),40:15:00,40,15,2415,Sledgehammer,Thrash Metal,4.5,9,AllMusic,131,159,114,99,100,96,26,48,9,8,18,3,Don't Walk Away (TANK cover),Agent Orange,Tired and Red,Remember The Fallen,Ausgebombt,Tired and Red,Agent Orange,Exhibition Bout
64,Godflesh,Streetcleaner,1989,https://open.spotify.com/album/5fRIh0Yk4eFLst6Nj7RUDF,http://www.rollingstone.com/music/lists/the-100-greatest-metal-albums-of-all-time-w486923/godflesh-streetcleaner-1989-w486990,https://en.wikipedia.org/wiki/Streetcleaner_(album),66:26:00,66,26,3986,Earache,Industrial Metal,4.5,14,AllMusic,137,170,95,68,94,51,31,63,4,12,27,8,Christbait Rising,Life Is Easy,Tiny Tears,Locust Furnace,Pulp,Mighty Trust Krusher,Like Rats,Wound
65,Faith No More,Angel Dust,1992,https://open.spotify.com/album/59GwovfBk0Kp2HJw1G7E5Q,http://www.rollingstone.com/music/lists/the-100-greatest-metal-albums-of-all-time-w486923/faith-no-more-angel-dust-1992-w486989,https://en.wikipedia.org/wiki/Angel_Dust_(Faith_No_More_album),61:50:00,61,50,3710,Slash,Alternative Metal,4,15,Rolling Stone,124,179,62,82,97,48,36,67,12,39,58,32,Jizzlobber,Midnight Cowboy (Theme from),Be Aggressive,Midnight Cowboy (Theme from),Land Of Sunshine,Malpractice,Easy,Jizzlobber
66,Deftones,White Pony,2000,https://open.spotify.com/album/5LEXck3kfixFaA3CqVE7bC,http://www.rollingstone.com/music/lists/the-100-greatest-metal-albums-of-all-time-w486923/deftones-white-pony-2000-w486972,https://en.wikipedia.org/wiki/White_Pony,45:16:00,45,16,2716,Maverick,Alternative Metal,3,11,Rolling Stone,117,161,74,90,99,75,33,78,11,51,67,42,Street Carp,Knife Prty,Back To School - Mini Maggit,Teenager,Teenager,Feiticeira,Change (In the House of Flies),Teenager
67,Queensryche,Operation: Mindcrime,1988,https://open.spotify.com/album/16VzTNaeadMjxI03Xi9s6n,http://www.rollingstone.com/music/lists/the-100-greatest-metal-albums-of-all-time-w486923/queensrche-operation-mindcrime-1988-w487108,https://en.wikipedia.org/wiki/Operation:_Mindcrime,59:30:00,59,30,3570,EMI,Prog Metal,3,15,Rolling Stone,119,188,89,84,99,25,23,45,5,32,53,26,The Mission,I Remember Now,Anarchy-X,My Empty Room,Breaking The Silence,Suite Sister Mary,I Don't Believe In Love,Electric Requiem
68,Marilyn Manson,Portrait of an American Family,1994,https://open.spotify.com/album/1SmsWlQZojAXz5H0i26bRl,http://www.rollingstone.com/music/lists/the-100-greatest-metal-albums-of-all-time-w486923/marilyn-manson-portrait-of-an-american-family-1994-w487028,https://en.wikipedia.org/wiki/Portrait_of_an_American_Family,61:04:00,61,4,3664,Interscope,Alternative Metal,2,13,Rolling Stone,153,190,72,80,96,47,41,97,16,30,39,14,Organ Grinder,Prelude (The Family Trip),Lunchbox,Prelude (The Family Trip),Misery Machine,Sweet Tooth,Lunchbox,Misery Machine
69,Soundgarden,Louder than Love,1989,https://open.spotify.com/album/4Q1HXCFg84PfQRZlPCA4SH,http://www.rollingstone.com/music/lists/the-100-greatest-metal-albums-of-all-time-w486923/soundgarden-louder-than-love-1989-w487127,https://en.wikipedia.org/wiki/Louder_Than_Love,53:08:00,53,8,3188,A&M,Alternative Metal,3.5,12,Rolling Stone,135,176,91,79,95,58,32,53,16,33,41,28,Big Dumb Sex,Hands All Over,Full On Kevin's Mom,Ugly Truth,Big Dumb Sex,Full On Kevin's Mom,Loud Love,Full On
70,Death,Human,1991,https://open.spotify.com/album/6AvvqTkgRqq3L4bD9qYfjD,http://www.rollingstone.com/music/lists/the-100-greatest-metal-albums-of-all-time-w486923/death-human-1991-w486969,https://en.wikipedia.org/wiki/Human_(Death_album),38:29:00,38,29,2309,Relapse,Prog Metal,4.5,9,AllMusic,118,172,92,92,96,87,39,59,6,21,25,17,See Through Dreams,Secret Face,Lack of Comprehension,Vacant Planets,Vacant Planets,Cosmic Sea,Lack of Comprehension,Vacant Planets
71,Living Colour,Vivid,1988,https://open.spotify.com/album/532IlegHv3OfVGgyCFGBTs,http://www.rollingstone.com/music/lists/the-100-greatest-metal-albums-of-all-time-w486923/living-colour-vivid-1988-w487026,https://en.wikipedia.org/wiki/Vivid_(Living_Colour_album),46:57:00,46,57,2817,Epic,Alternative Metal,4.5,11,AllMusic,115,172,77,93,98,83,57,89,33,28,56,21,Broken Hearts,Which Way to America,Middle Man,Memories Can't Wait,I Want To Know,Memories Can't Wait,Cult of Personality,What's Your Favorite Color?
72,Isis,Oceanic,2002,https://open.spotify.com/album/7Enr3hOfLpLa8PdcBtoXmW,http://www.rollingstone.com/music/lists/the-100-greatest-metal-albums-of-all-time-w486923/isis-oceanic-2002-w487006,https://en.wikipedia.org/wiki/Oceanic_(Isis_album),63:18:00,63,18,3798,Ipecac,Post Metal,5,9,AllMusic,124,167,112,64,86,47,27,74,3,11,16,8,(Untitled),The Beginning and the End,(Untitled),Maritime,Maritime,(Untitled),The Beginning and the End,Hym
73,Scorpions,Blackout,1982,https://open.spotify.com/album/6x75r5C54z1quun86Bbqbr,http://www.rollingstone.com/music/lists/the-100-greatest-metal-albums-of-all-time-w486923/scorpions-blackout-1982-w487116,https://en.wikipedia.org/wiki/Blackout_(Scorpions_album),36:41:00,36,41,2201,Mercury,Heavy Metal,3,9,Rolling Stone,120,190,78,71,91,42,63,87,32,34,53,27,Now,China White,Now,When The Smoke Is Going Down,Arizona,When The Smoke Is Going Down,No One Like You,Now
74,Venom,Welcome to Hell,1981,https://open.spotify.com/album/5oxowPycWCoLyE5nf0ZGmX,http://www.rollingstone.com/music/lists/the-100-greatest-metal-albums-of-all-time-w486923/venom-welcome-to-hell-1981-w487134,https://en.wikipedia.org/wiki/Welcome_to_Hell,39:28:00,39,28,2368,Neat,Thrash Metal,4.5,11,AllMusic,123,177,81,88,98,42,11,50,3,26,47,20,Welcome To Hell,Mayhem with Mercy,Welcome To Hell,Mayhem with Mercy,In League with Satan,Witching Hour,Welcome To Hell,Red Light Fever
75,Morbid Angel,Covenant,1993,https://open.spotify.com/album/3dl4rU3ZBtiquwHEenf4qt,http://www.rollingstone.com/music/lists/the-100-greatest-metal-albums-of-all-time-w486923/morbid-angel-covenant-1993-w487062,https://en.wikipedia.org/wiki/Covenant_(Morbid_Angel_album),41:10:00,41,10,2470,Giant,Death Metal,4.5,10,AllMusic,124,156,83,88,99,39,23,43,7,20,24,14,"God Of Emptiness (I. The Accuser, II. The Tempter)",Angel Of Disease,Pain Divine,Nar Mattaru,Angel Of Disease,Rapture,"God Of Emptiness (I. The Accuser, II. The Tempter)",Nar Mattaru
76,Twisted Sister,Stay Hungry,1984,https://open.spotify.com/album/0dzqapIToiOhULGvzDKpXm,http://www.rollingstone.com/music/lists/the-100-greatest-metal-albums-of-all-time-w486923/twisted-sister-stay-hungry-1984-w486970,https://en.wikipedia.org/wiki/Stay_Hungry_(album),36:56:00,36,56,2216,Atlantic,Hair Metal,4.5,9,AllMusic,127,166,78,75,99,52,56,96,26,43,66,29,The Beast,The Price,Stay Hungry,The Beast,We're Not Gonna Take It,Stay Hungry,We're Not Gonna Take It,Don't Let Me Down
77,Meshuggah,Destroy Erase Improve,1995,https://open.spotify.com/album/3fZhCgsoPILz28vPNTh55Y,http://www.rollingstone.com/music/lists/the-100-greatest-metal-albums-of-all-time-w486923/meshuggah-destroy-erase-improve-1995-w487046,https://en.wikipedia.org/wiki/Destroy_Erase_Improve,34:15:00,34,15,2055,Nuclear Blast,Prog Metal,4.5,13,AllMusic,121,159,78,88,100,15,22,43,3,27,31,12,Vanished,Beneath,Terminal Illusions,Acrid Placidity,Soul Burn,Terminal Illusions,Future Breed Machine,Vanished (demo)
78,Voivod,Dimension Hatross,1988,https://open.spotify.com/album/3fZhCgsoPILz28vPNTh55Y,http://www.rollingstone.com/music/lists/the-100-greatest-metal-albums-of-all-time-w486923/voivod-dimension-hatrss-1988-w487135,https://en.wikipedia.org/wiki/Dimension_Hatr%C3%B6ss,41:39:00,41,39,2499,Noise,Thrash Metal,4,9,AllMusic,125,160,83,85,91,68,27,55,8,14,20,10,Chaosmongers,Technocratic Manipulators,Psychic Vacuum,Chaosmongers,Tribal Convictions,Cosmic Drama,Tribal Convictions,Batman
79,At the Gates,Slaughter of the Soul,1995,https://open.spotify.com/album/1m0px7K5tJndjxU6RIuL8U,http://www.rollingstone.com/music/lists/the-100-greatest-metal-albums-of-all-time-w486923/at-the-gates-slaughter-of-the-soul-1995-w486947,https://en.wikipedia.org/wiki/Slaughter_of_the_Soul,52:06:00,52,6,3126,Earache,Death Metal,5,11,AllMusic,126,180,78,85,99,30,28,55,4,19,31,22,Cold,The Flames of the End,Blinded By Fear,Into the Dead Sky,Nausea,Blinded By Fear,Slaughter of the Soul,The Flames of the End
80,Ministry,Psalm 69: The Way to Succeed and the Way to Suck Eggs,1992,https://open.spotify.com/album/2wz3P1w89gQd3iXdmF1IA5,http://www.rollingstone.com/music/lists/the-100-greatest-metal-albums-of-all-time-w486923/ministry-psalm-69-the-way-to-succeed-and-the-way-to-suck-eggs-1992-w487060,https://en.wikipedia.org/wiki/Psalm_69:_The_Way_to_Succeed_and_the_Way_to_Suck_Eggs,44:45:00,44,45,2685,Sire,Industrial Metal,4,9,Rolling Stone,124,170,75,90,98,80,30,63,4,34,48,23,TV II,Scare Crow,Just One Fix,TV II,Hero,Grace,Jesus Built My Hotrod,Grace
81,Bathory,Under the Sign of the Black Mark,1987,https://open.spotify.com/album/450O7sJi2GTzmLqHS03T88,http://www.rollingstone.com/music/lists/the-100-greatest-metal-albums-of-all-time-w486923/bathory-under-the-sign-of-the-black-mark-1987-w486950,https://en.wikipedia.org/wiki/Under_the_Sign_of_the_Black_Mark,35:48:00,35,48,2148,New Renaissance,Black Metal,4.5,10,AllMusic,114,143,62,77,99,4,7,19,3,22,33,19,Chariots of Fire,The Winds Of Mayhem (outro),Equimanthorn,The Winds Of Mayhem (outro),Woman Of Dark Desires,Nocturnal Obeisance,Call From The Grave,Of Doom......
82,Entombed,Left Hand Path,1990,https://open.spotify.com/album/5nrZejD99ZmAXrmrouIJcU,http://www.rollingstone.com/music/lists/the-100-greatest-metal-albums-of-all-time-w486923/entombed-left-hand-path-1990-w486980,https://en.wikipedia.org/wiki/Left_Hand_Path_(album),39:49:00,39,49,2389,Combat,Death Metal,4.5,10,AllMusic,126,167,108,96,99,93,21,31,9,25,39,18,Revel In Flesh,Drowned,When Life Has Ceased,Left Hand Path,Abnormally Deceased,The Truth Beyond,Left Hand Path,The Truth Beyond
83,Baroness,The Red Album,2007,https://open.spotify.com/album/7HjDc1R38sIpwbKHOrbBNR,http://www.rollingstone.com/music/lists/the-100-greatest-metal-albums-of-all-time-w486923/baroness-the-red-album-2007-w486949,https://en.wikipedia.org/wiki/Red_Album_(Baroness_album),44:27:00,44,27,2667,Relapse,Sludge Metal,3.5,11,AllMusic,136,163,90,76,93,38,34,67,9,30,41,27,Wanderlust,Teeth Of A Cogwheel,O'Appalachia,Cockroach En Fleur,O'Appalachia,Grad,Rays On Pinion,Aleph
84,High on Fire,Blessed Black Wings,2005,https://open.spotify.com/album/2Fez8YmdKDD9732QTBeJzt,http://www.rollingstone.com/music/lists/the-100-greatest-metal-albums-of-all-time-w486923/high-on-fire-blessed-black-wings-2005-w486999,https://en.wikipedia.org/wiki/Blessed_Black_Wings,53:30:00,53,30,3210,Relapse,Sludge Metal,3,10,AllMusic,140,192,99,92,97,85,17,42,6,21,30,16,Silver Back,Blessed Black Wings,Annointing of Seer,Songs of Thunder,Songs of Thunder,Silver Back,Devilution,Silver Back
85,Darkthrone,Transilvanian Hunger,1984,https://open.spotify.com/album/2Fez8YmdKDD9732QTBeJzt,http://www.rollingstone.com/music/lists/the-100-greatest-metal-albums-of-all-time-w486923/darkthrone-transilvanian-hunger-1991-w486967,https://en.wikipedia.org/wiki/Transilvanian_Hunger,39:03:00,39,3,2343,Peaceville,Black Metal,4.5,8,AllMusic,138,145,131,100,100,100,2,2,1,19,27,16,As Flittermice as Satans Spys,I En Hall Med Flesk Og Mjod,Transilvanian Hunger,Transilvanian Hunger,Transilvanian Hunger,Slottet I Det Fjerne,Transilvanian Hunger,I En Hall Med Flesk Og Mjod
86,Lamb of God,As the Palace Burns,2003,https://open.spotify.com/album/5OubC3vkQNuA3rVu6iD6xa,http://www.rollingstone.com/music/lists/the-100-greatest-metal-albums-of-all-time-w486923/lamb-of-god-as-the-palaces-burn-2003-w487022,https://en.wikipedia.org/wiki/As_the_Palaces_Burn,37:58:00,37,58,2278,Prosthetic,Thrash Metal,3,10,Rolling Stone,115,175,82,98,100,97,27,42,10,33,40,28,Boot Scraper,Blood Junkie,As The Palaces Burn,Purified,For Your Malice,Vigil,Ruin,In Defense Of Our Good Name
87,Manowar,Hail to England,1984,,http://www.rollingstone.com/music/lists/the-100-greatest-metal-albums-of-all-time-w486923/manowar-hail-to-england-1984-w487027,https://en.wikipedia.org/wiki/Hail_to_England,33:13:00,33,13,1993,Music for Nations,Power Metal,4,7,AllMusic,,,,,,,,,,,,,,,,,,,,
88,Pig Destroyer,Terrifyer,2004,https://open.spotify.com/album/6x95DGZhx18gJuxRlbwZso,http://www.rollingstone.com/music/lists/the-100-greatest-metal-albums-of-all-time-w486923/pig-destroyer-terrifyer-2004-w487103,https://en.wikipedia.org/wiki/Terrifyer,32:19:00,32,19,1939,Relapse,Grindcore,4.5,25,AllMusic,121,148,52,96,100,19,8,51,3,17,26,13,Pretty In Casts,Sourheart,Pretty In Casts,Intro,Intro,Boy Constrictor,Gravedancer,The Gentleman
89,Nightwish,Once,2004,https://open.spotify.com/album/5sHIuXeNUs3Tqfg7kQIFVT,http://www.rollingstone.com/music/lists/the-100-greatest-metal-albums-of-all-time-w486923/nightwish-once-2004-w487072,https://en.wikipedia.org/wiki/Once_(Nightwish_album),60:09:00,60,9,3609,Roadrunner,Power Metal,3.5,11,AllMusic,132,190,82,76,94,33,35,58,9,32,44,23,Dark Chest Of Wonders,Kuolema Tekee Taiteilijan,Wish I Had An Angel,Kuolema Tekee Taiteilijan,Dead Gardens,Kuolema Tekee Taiteilijan,Wish I Had An Angel,Higher Than Hope
90,Body Count,Body Count,1992,https://open.spotify.com/album/2J5Lf1s0Q42e31xjSwVd8J,http://www.rollingstone.com/music/lists/the-100-greatest-metal-albums-of-all-time-w486923/body-count-1992-w486960,https://en.wikipedia.org/wiki/Body_Count_(album),53:11:00,53,11,3191,Sire,Rap Metal,3,18,Rolling Stone,126,186,74,64,99,12,44,84,18,23,39,26,Body Count,The Winner Loses,Bowels Of The Devil,C Note,Freedom Of Speech,C Note,Body Count's In The House,Body Count Anthem
91,Naked City,Torture Garden,1990,,http://www.rollingstone.com/music/lists/the-100-greatest-metal-albums-of-all-time-w486923/naked-city-torture-garden-1990-w487068,https://en.wikipedia.org/wiki/Torture_Garden_(album),22:28:00,22,0,1320,Toy's Factory,Grindcore,4,42,AllMusic,,,,,,,,,,,,,,,,,,,,
92,Eyehategod,Take as Needed for Pain,1993,https://open.spotify.com/album/0KGUACvQup4NDOhumQGa3V,http://www.rollingstone.com/music/lists/the-100-greatest-metal-albums-of-all-time-w486923/eyehategod-take-as-needed-for-pain-1993-w486987,https://en.wikipedia.org/wiki/Take_as_Needed_for_Pain,49:34:00,49,34,2974,Century Media,Sludge Metal,4,12,AllMusic,114,144,75,71,81,60,28,62,6,22,32,13,Sister Fucker (Pt. I),White Nigger,Sister Fucker (Pt. I),Who Gave Her the Roses,Laugh It Off,Disturbance,Sister Fucker (Pt. I),Laugh It Off
93,White Zombie,La Sexorcisto: Devil Music Vol. 1,1992,https://open.spotify.com/album/6Cvv0qNSdZNf9o0j8EohoD,http://www.rollingstone.com/music/lists/the-100-greatest-metal-albums-of-all-time-w486923/white-zombie-la-sexorcisto-devil-music-volume-one-1992-w487139,https://en.wikipedia.org/wiki/La_Sexorcisto:_Devil_Music_Volume_One,57:43:00,57,43,3463,Geffen,Alternative Metal,3,14,Rolling Stone,124,167,83,69,94,8,43,95,4,27,52,28,Black Sunshine,One Big Crunch,Grindhouse (A Go-Go),Knuckle Duster - Radio 2-B,Knuckle Duster - Radio 2-B,One Big Crunch,Thunder Kiss '65,Starface
94,Deafheaven,Sunbather,2013,https://open.spotify.com/album/6zEacAdWHLaclKB2C39mag,http://www.rollingstone.com/music/lists/the-100-greatest-metal-albums-of-all-time-w486923/deafheaven-sunbather-2013-w486968,https://en.wikipedia.org/wiki/Sunbather_(album),59:58:00,59,58,3598,Deathwish,Post Metal,3,7,Rolling Stone,112,155,82,62,81,24,10,20,3,35,43,29,Sunbather,Dream House,Vertigo,Irresistible,The Pecan Tree,Please Remember,Dream House,Windows
95,Dream Theater,Images and Words,1992,https://open.spotify.com/album/6zEacAdWHLaclKB2C39mag,http://www.rollingstone.com/music/lists/the-100-greatest-metal-albums-of-all-time-w486923/dream-theater-images-and-words-1991-w486977,https://en.wikipedia.org/wiki/Images_and_Words,57:03:00,57,3,3423,Atco,Prog Metal,4.5,8,AllMusic,128,166,102,77,97,37,36,59,13,45,55,39,Surrounded,Pull Me Under,Pull Me Under,Wait For Sleep,Under A Glass Moon,Surrounded,Pull Me Under,Learning To Live
96,Kvelertak,Meir,2013,https://open.spotify.com/album/6zEacAdWHLaclKB2C39mag,http://www.rollingstone.com/music/lists/the-100-greatest-metal-albums-of-all-time-w486923/kvelertak-meir-2013-w487015,https://en.wikipedia.org/wiki/Meir_(album),49:11:00,49,11,2951,Roadrunner,Heavy Metal,4.5,11,AllMusic,131,175,75,95,99,89,21,65,6,28,36,23,Månelyst,Spring Fra Livet,Trepan,Åpenbaring,Kvelertak,Åpenbaring,Kvelertak,Tordenbrak
97,Gojira,From Mars to Sirius,2005,https://open.spotify.com/album/6zEacAdWHLaclKB2C39mag,http://www.rollingstone.com/music/lists/the-100-greatest-metal-albums-of-all-time-w486923/gojira-from-mars-to-sirius-2005-w486992,https://en.wikipedia.org/wiki/From_Mars_to_Sirius,66:58:00,66,58,4018,Listenable,Prog Metal,4,12,AllMusic,121,189,84,87,100,39,17,42,4,33,41,29,Global Warming,World To Come,To Sirius,Unicorn,Unicorn,In The Wilderness,Flying Whales,Unicorn
98,Sunn 0))),Monoliths & Dimensions,2009,https://open.spotify.com/album/5g5JAnBYxmaTMVvh6RnA1c,http://www.rollingstone.com/music/lists/the-100-greatest-metal-albums-of-all-time-w486923/sunn-o-monoliths-and-dimensions-2009-w487129,https://en.wikipedia.org/wiki/Monoliths_%26_Dimensions,53:39:00,53,39,3219,Southern Lord,Drone Metal,4.5,4,AllMusic,106,137,75,36,67,14,4,5,3,23,28,19,Hunting & Gathering (Cydonia),Alice,Hunting & Gathering (Cydonia),Alice,Aghartha,Big Church [megszentségteleníthetetlenségeskedéseitekért],Aghartha,Hunting & Gathering (Cydonia)
99,Evanescence,Fallen,2003,https://open.spotify.com/album/02w1xMzzdF2OJxTeh1basm,http://www.rollingstone.com/music/lists/the-100-greatest-metal-albums-of-all-time-w486923/evanescence-fallen-2003-w486982,https://en.wikipedia.org/wiki/Fallen_(Evanescence_album),48:45:00,48,45,2925,Epic,Alternative Metal,3,12,Rolling Stone,127,190,69,70,95,17,26,46,6,52,69,45,Bring Me To Life,My Immortal,Bring Me To Life,Hello,Going Under,Hello,Bring Me To Life,Whisper
100,Avenged Sevenfold,City of Evil,2005,https://open.spotify.com/album/55tK4Ab7XHTOKkw0xDz3AA,http://www.rollingstone.com/music/lists/the-100-greatest-metal-albums-of-all-time-w486923/avenged-sevenfold-city-of-evil-2005-w486948,https://en.wikipedia.org/wiki/City_of_Evil,72:54:00,72,54,4374,Warner Bros,Heavy Metal,3,11,Rolling Stone,142,175,96,92,98,80,42,57,14,52,66,46,Burn It Down,Blinded In Chains,Beast and the Harlot,Seize the Day,Burn It Down,M.I.A.,Bat Country,The Wicked End
